Time (s),Distance (mm)
0.0,74
0.069037,77
0.18998,76
0.263942,77
0.360361,77
0.457724,75
0.55471,75
0.697471,76
0.762251,77
0.845304,76
0.942428,76
1.039025,74
1.136235,73
1.232343,77
1.336981,76
1.426943,79
1.526413,76
1.621134,75
1.7181,75
1.822852,76
1.913228,76
2.019428,75
2.107838,76
2.205261,77
2.30171,77
2.398797,76
2.49569,76
2.593182,78
2.690375,78
2.78704,76
2.88372,77
2.982171,75
3.077894,76
3.174844,77
3.272706,76
3.36879,77
3.465405,78
3.562657,78
3.660199,79
3.757126,80
3.854914,78
3.951266,76
4.04797,78
4.144626,78
4.241944,77
4.339009,77
4.436129,80
4.532972,80
4.630152,80
4.727276,80
4.82426,81
4.920738,80
5.021415,80
5.114587,78
5.212255,78
5.309855,78
5.408145,79
5.505245,80
5.610993,80
5.700734,79
5.798938,77
5.896491,78
5.992184,79
6.088845,76
6.185522,77
6.282949,76
6.380129,80
6.476712,79
6.573947,82
6.67206,81
6.770506,84
6.866506,81
6.963806,84
7.061065,84
7.158095,83
7.254897,85
7.350774,85
7.448549,83
7.547481,86
7.645055,85
7.74203,85
7.841248,86
7.937772,86
8.034614,87
8.134095,86
8.230636,86
8.327405,85
8.426617,87
8.526548,87
8.625024,86
8.721555,83
8.854313,83
8.915749,86
9.012887,85
9.110339,85
9.209896,84
9.306921,85
9.415427,83
9.499788,82
9.5973,83
9.69387,82
9.790524,81
9.88766,81
9.984488,79
10.081954,83
